frame,I,0,H.26[45] User Data Unregistered SEI message
frame,B,0
frame,B,0
frame,B,0
frame,P,0
frame,B,0
frame,P,0
frame,P,0
frame,B,0
frame,P,0
frame,P,0
frame,P,0
frame,P,0
frame,P,0
frame,P,0
frame,P,0
frame,P,0
frame,P,0
frame,B,0
frame,P,0
frame,P,0
frame,P,0
frame,P,0
frame,P,0
frame,B,0
frame,P,0
frame,B,0
frame,P,0
frame,P,0
frame,B,0
frame,P,0
frame,B,0
frame,P,0
frame,B,0
frame,P,0
frame,B,0
frame,B,0
frame,P,0
frame,B,0
frame,P,0
frame,B,0
frame,B,0
frame,B,0
frame,P,0
frame,B,0
frame,P,0
frame,B,0
frame,B,0
frame,B,0
frame,P,0
frame,B,0
frame,P,0
frame,B,0
frame,B,0
frame,B,0
frame,P,0
frame,B,0
frame,B,0
frame,B,0
frame,P,0
frame,B,0
frame,B,0
frame,B,0
frame,P,0
frame,B,0
frame,B,0
frame,B,0
frame,P,0
frame,B,0
frame,B,0
frame,B,0
frame,P,0
frame,B,0
frame,B,0
frame,B,0
frame,P,0
frame,B,0
frame,B,0
frame,B,0
frame,P,0
frame,B,0
frame,B,0
frame,B,0
frame,P,0
frame,B,0
frame,B,0
frame,P,0
frame,P,0
frame,P,0
frame,P,0
frame,P,0
frame,B,0
frame,P,0
frame,P,0
frame,P,0
frame,P,0
frame,P,0
frame,P,0
frame,P,0
frame,P,0
frame,P,0
frame,B,0
frame,P,0
frame,P,0
frame,P,0
frame,P,0
frame,B,0
frame,P,0
frame,P,0
frame,P,0
frame,B,0
frame,P,0
frame,P,0
frame,P,0
frame,I,0
frame,B,0
frame,B,0
frame,B,0
frame,P,0
frame,B,0
frame,B,0
frame,B,0
frame,P,0
frame,B,0
frame,B,0
frame,B,0
frame,P,0
frame,B,0
frame,B,0
frame,P,0
frame,B,0
frame,B,0
frame,B,0
frame,P,0
frame,B,0
frame,B,0
frame,B,0
frame,P,0
frame,B,0
frame,P,0
frame,B,0
frame,B,0
frame,B,0
frame,P,0
frame,B,0
frame,B,0
frame,B,0
frame,P,0
frame,B,0
frame,P,0
frame,B,0
frame,B,0
frame,P,0
frame,B,0
frame,P,0
frame,B,0
frame,B,0
frame,P,0
frame,P,0
frame,B,0
frame,B,0
frame,P,0
frame,B,0
frame,B,0
frame,P,0
frame,B,0
frame,B,0
frame,B,0
frame,P,0
frame,B,0
frame,B,0
frame,P,0
frame,I,0
frame,B,0
frame,B,0
frame,B,0
frame,P,0
frame,I,0
frame,B,0
frame,B,0
frame,B,0
frame,P,0
frame,B,0
frame,B,0
frame,B,0
frame,P,0
frame,B,0
frame,B,0
frame,B,0
frame,P,0
frame,B,0
frame,B,0
frame,B,0
frame,P,0
frame,B,0
frame,P,0
frame,B,0
frame,B,0
frame,B,0
frame,P,0
frame,B,0
frame,B,0
frame,B,0
frame,P,0
frame,B,0
frame,P,0
frame,B,0
frame,P,0
frame,P,0
frame,P,0
frame,P,0
frame,B,0
frame,B,0
frame,P,0
frame,B,0
frame,P,0
frame,B,0
frame,B,0
frame,B,0
frame,P,0
frame,P,0
frame,B,0
frame,P,0
frame,B,0
frame,P,0
frame,P,0
frame,B,0
frame,P,0
frame,B,0
frame,P,0
frame,B,0
frame,B,0
frame,P,0
frame,B,0
frame,P,0
frame,B,0
frame,B,0
frame,B,0
frame,P,0
frame,B,0
frame,P,0
frame,P,0
frame,I,0
frame,B,0
frame,B,0
frame,B,0
frame,P,0
frame,B,0
frame,B,0
frame,B,0
frame,P,0
frame,P,0
frame,B,0
frame,P,0
frame,B,0
frame,P,0
frame,B,0
frame,B,0
frame,B,0
frame,P,0
frame,B,0
frame,B,0
frame,B,0
frame,P,0
frame,B,0
frame,B,0
frame,P,0
frame,I,0
frame,B,0
frame,B,0
frame,B,0
frame,P,0
frame,B,0
frame,B,0
frame,P,0
frame,B,0
frame,B,0
frame,B,0
frame,P,0
frame,P,0
frame,P,0
frame,B,0
frame,B,0
frame,B,0
frame,P,0
frame,P,0
frame,B,0
frame,P,0
frame,B,0
frame,P,0
frame,B,0
frame,P,0
frame,P,0
frame,B,0
frame,P,0
frame,B,0
frame,B,0
frame,P,0
frame,P,0
frame,B,0
frame,P,0
frame,B,0
frame,P,0
frame,B,0
frame,B,0
frame,P,0
frame,B,0
frame,P,0
frame,P,0
frame,P,0
frame,P,0
frame,P,0
frame,P,0
frame,P,0
frame,P,0
frame,P,0
frame,P,0
frame,B,0
frame,B,0
frame,P,0
frame,P,0
frame,B,0
frame,P,0
frame,P,0
frame,P,0
frame,B,0
frame,P,0
frame,B,0
frame,P,0
frame,B,0
frame,P,0
frame,B,0
frame,P,0
frame,P,0
frame,P,0
frame,B,0
frame,P,0
frame,B,0
frame,P,0
frame,B,0
frame,B,0
frame,P,0
frame,B,0
frame,P,0
frame,B,0
frame,P,0
frame,B,0
frame,B,0
frame,B,0
frame,P,0
frame,B,0
frame,B,0
frame,B,0
frame,P,0
